Model,Accuracy,Precision,Recall,F1,ROC-AUC
Decision Tree,1.0,1.0,1.0,1.0,1.0
Naive Bayes,1.0,1.0,1.0,1.0,1.0
Gradient Boosting,1.0,1.0,1.0,1.0,1.0
LightGBM,1.0,1.0,1.0,1.0,1.0
XGBoost,1.0,1.0,1.0,1.0,1.0
Random Forest,0.995,1.0,0.99,0.9949748743718593,1.0
Logistic Regression,0.9875,1.0,0.975,0.9873417721518988,0.999725
SVM,0.9575,0.9740932642487047,0.94,0.9567430025445293,0.995025
KNN,0.8925,0.9590643274853801,0.82,0.8840970350404312,0.9680125
